sigma,f,side,rank,milton_attains,hs_bound,best,gap,rel_gap,labels,normals,shape,fractions
"1,2,5","1/8,1/8,6/8",lower,3,no,3.3636360,3.3848002,2.116e-02,6.292e-03,"(0, 1, 0, 2)","((1, 0), (1, 0), (0, 1))","((0, 1), (2, 3))","0.183106, 0.317337, 0.081888"
"1,2,5","1/8,2/8,5/8",lower,3,no,3.0000000,3.0252805,2.528e-02,8.427e-03,"(1, 0, 2, 0)","((1, 1), (1, -1), (1, 1))","(0, ((1, 2), 3))","0.250000, 0.890894, 0.064610"
"1,2,5","1/8,3/8,4/8",lower,3,no,2.6923080,2.7130975,2.079e-02,7.722e-03,"(0, 2, 0, 1)","((0, 1), (0, 1), (1, 0))","(0, ((1, 2), 3))","0.054442, 0.603409, 0.876335"
"1,2,5","1/8,4/8,3/8",lower,3,no,2.4285710,2.4413911,1.282e-02,5.279e-03,"(0, 1, 2, 0)","((1, 0), (1, 0), (0, 1))","(0, (1, (2, 3)))","0.059680, 0.531734, 0.851653"
"1,2,5","1/8,5/8,2/8",lower,3,no,2.2000000,2.2046898,4.690e-03,2.132e-03,"(0, 0, 2, 1)","((1, 1), (1, 1), (1, -1))","((0, (1, 2)), 3)","0.375000, 0.185736, 0.181265"
"1,2,5","2/8,1/8,5/8",lower,3,no,2.6923080,2.6978163,5.508e-03,2.046e-03,"(0, 2, 0, 1)","((1, 0), (1, 0), (0, 1))","((0, (1, 2)), 3)","0.875000, 0.162250, 0.852624"
"1,2,5","2/8,2/8,4/8",lower,3,no,2.4285710,2.4333680,4.797e-03,1.975e-03,"(0, 1, 0, 2)","((1, 0), (1, 0), (0, 1))","((0, 1), (2, 3))","0.395754, 0.368294, 0.172523"
"1,2,5","2/8,3/8,3/8",lower,3,no,2.2000000,2.2018769,1.877e-03,8.531e-04,"(1, 2, 0, 0)","((0, 1), (0, 1), (1, 0))","((0, (1, 2)), 3)","0.845818, 0.443358, 0.796486"
"1,2,5","3/8,1/8,4/8",lower,3,no,2.2000000,2.2004689,4.689e-04,2.131e-04,"(1, 0, 2, 0)","((1, -1), (1, 1), (1, -1))","(0, ((1, 2), 3))","0.125000, 0.726692, 0.213658"
"1,2,5","3/8,2/8,3/8",lower,3,yes,2.0000000,2.0000000,0.000e+00,0.000e+00,"(1, 0, 2, 0)","((1, 0), (1, -1), (1, 1))","(0, ((1, 2), 3))","0.250000, 0.666667, 0.250000"
"1,2,5","6/8,1/8,1/8",lower,3,yes,1.2857140,1.2938023,8.088e-03,6.291e-03,"(2, 0, 1, 0)","((1, -1), (1, 1), (1, -1))","((0, 1), (2, 3))","0.245344, 0.509489, 0.165638"
"1,2,5","1/8,1/8,6/8",lower,4,no,3.3636360,3.3642207,5.847e-04,1.738e-04,"(2, 0, 0, 2, 1)","((1, 0), (0, 1), (0, 1), (1, 0))","((0, 1), ((2, 3), 4))","0.631443, 0.902048, 0.660840, 0.259276"
"1,2,5","1/8,2/8,5/8",lower,4,no,3.0000000,3.0004589,4.589e-04,1.530e-04,"(0, 2, 2, 0, 1)","((1, 0), (0, 1), (0, 1), (1, 0))","((0, 1), ((2, 3), 4))","0.472550, 0.128732, 0.526021, 0.768724"
"1,2,5","1/8,3/8,4/8",lower,4,no,2.6923080,2.6926380,3.300e-04,1.226e-04,"(2, 0, 1, 0, 2)","((1, 0), (0, 1), (0, 1), (1, 0))","((0, 1), (2, (3, 4)))","0.378812, 0.836714, 0.603682, 0.256492"
"1,2,5","2/8,1/8,5/8",lower,4,no,2.6923080,2.6978163,5.508e-03,2.046e-03,"(0, 1, 2, 0, 1)","((0, 1), (0, 1), (0, 1), (1, 0))","((0, 1), ((2, 3), 4))","0.264387, 0.536972, 0.996491, 0.852624"
"1,2,5","2/8,2/8,4/8",lower,4,no,2.4285710,2.4333680,4.797e-03,1.975e-03,"(2, 0, 0, 1, 1)","((0, 1), (0, 1), (1, 0), (0, 1))","(((0, 1), (2, 3)), 4)","0.996977, 0.606078, 0.827477, 0.371128"
"1,2,5","1/8,1/8,6/8",upper,3,yes,3.7958120,3.7758347,1.998e-02,5.263e-03,"(2, 1, 0, 2)","((1, 1), (1, -1), (1, -1))","(0, ((1, 2), 3))","0.619753, 0.657468, 0.500000"
"1,2,5","2/8,5/8,1/8",upper,3,no,1.9709540,1.9708071,1.469e-04,7.453e-05,"(2, 1, 0, 2)","((1, 0), (1, 0), (0, 1))","(0, (1, (2, 3)))","0.074883, 0.675590, 0.833008"
"1,2,5","3/8,4/8,1/8",upper,3,no,1.8292680,1.8263697,2.898e-03,1.584e-03,"(2, 0, 1, 2)","((0, 1), (0, 1), (1, 0))","(((0, 1), 2), 3)","0.930876, 0.462872, 0.129681"
"1,2,5","4/8,2/8,2/8",upper,3,no,1.9421490,1.9420303,1.187e-04,6.112e-05,"(2, 0, 2, 1)","((1, -1), (1, 1), (1, -1))","(((0, 1), 2), 3)","0.750000, 0.799875, 0.166536"
"1,2,5","4/8,3/8,1/8",upper,3,no,1.6932270,1.6876217,5.605e-03,3.310e-03,"(1, 2, 0, 2)","((1, 1), (1, 1), (1, -1))","((0, (1, 2)), 3)","0.934960, 0.401087, 0.107079"
"1,2,5","5/8,1/8,2/8",upper,3,no,1.8016190,1.8010245,5.945e-04,3.300e-04,"(1, 2, 2, 0)","((0, 1), (1, 0), (0, 1))","(0, (1, (2, 3)))","0.125000, 0.167198, 0.142310"
"1,2,5","5/8,2/8,1/8",upper,3,no,1.5625000,1.5560484,6.452e-03,4.129e-03,"(1, 2, 0, 2)","((0, 1), (1, 0), (0, 1))","(0, (1, (2, 3)))","0.250000, 0.097467, 0.923327"
"1,2,5","6/8,1/8,1/8",upper,3,no,1.4367820,1.4320731,4.709e-03,3.277e-03,"(2, 1, 0, 2)","((1, 1), (1, 1), (1, -1))","((0, 1), (2, 3))","0.188725, 0.337661, 0.924471"
"1,3,20","1/8,1/8,6/8",lower,3,no,6.7241380,6.8862415,1.621e-01,2.411e-02,"(1, 0, 2, 0)","((0, 1), (0, 1), (1, 0))","(0, (1, (2, 3)))","0.125000, 0.067881, 0.919564"
"1,3,20","1/8,2/8,5/8",lower,3,no,5.4615380,5.6206731,1.591e-01,2.914e-02,"(1, 0, 0, 2)","((1, -1), (1, 1), (1, -1))","(0, (1, (2, 3)))","0.250000, 0.106226, 0.067624"
"1,3,20","1/8,3/8,4/8",lower,3,no,4.5537190,4.6630588,1.093e-01,2.401e-02,"(0, 2, 1, 0)","((0, 1), (0, 1), (1, 0))","(((0, 1), 2), 3)","0.942543, 0.602140, 0.119009"
"1,3,20","1/8,4/8,3/8",lower,3,no,3.8695650,3.9249190,5.535e-02,1.430e-02,"(1, 0, 2, 0)","((0, 1), (0, 1), (1, 0))","(0, ((1, 2), 3))","0.500000, 0.874311, 0.142182"
"1,3,20","1/8,5/8,2/8",lower,3,no,3.3354840,3.3494575,1.397e-02,4.189e-03,"(0, 0, 2, 1)","((1, 0), (1, 0), (0, 1))","(0, ((1, 2), 3))","0.072060, 0.326465, 0.174753"
"1,3,20","2/8,1/8,5/8",lower,3,no,4.3760000,4.3980377,2.204e-02,5.036e-03,"(0, 1, 0, 2)","((1, 0), (1, 0), (0, 1))","((0, 1), (2, 3))","0.268231, 0.533985, 0.145905"
"1,3,20","2/8,2/8,4/8",lower,3,no,3.7323940,3.7467204,1.433e-02,3.838e-03,"(1, 0, 2, 0)","((1, 0), (1, 0), (0, 1))","((0, (1, 2)), 3)","0.852348, 0.293307, 0.169915"
"1,3,20","2/8,3/8,3/8",lower,3,no,3.2264150,3.2289042,2.489e-03,7.715e-04,"(1, 0, 2, 0)","((1, 0), (1, 0), (0, 1))","(0, ((1, 2), 3))","0.375000, 0.750877, 0.200935"
"1,3,20","3/8,1/8,4/8",lower,3,no,3.1226990,3.1228779,1.789e-04,5.729e-05,"(2, 0, 1, 0)","((1, 0), (1, 0), (0, 1))","(((0, 1), 2), 3)","0.761405, 0.835830, 0.785663"
